Year,Country of origin,Country of origin (ISO),Country of asylum,Country of asylum (ISO),Female 0 — 4,Female 5 — 11,Female 12 — 17,Female 5 — 17,Female 18 — 59,Female 60,f_other,Female total,Male 0 — 4,Male 5 — 11,Male 12 — 17,Male 5 — 17,Male 18 — 59,Male 60,Male total,m_other,Total
2010,Syrian Arab Rep.,SYR,Egypt,EGY,0,0,0,,0,0,,0,0,0,0,,8,0,8,,8
2010,Syrian Arab Rep.,SYR,Belgium,BEL,0,0,0,,0,0,,61,0,0,0,,0,0,168,,229
2010,Syrian Arab Rep.,SYR,Brazil,BRA,0,0,0,,0,0,,0,0,0,0,,5,0,5,,5
2010,Syrian Arab Rep.,SYR,Bulgaria,BGR,0,0,0,,0,0,,9,0,0,0,,0,0,43,,52
2010,Syrian Arab Rep.,SYR,Canada,CAN,6,0,0,,52,13,,78,5,0,0,,120,11,143,,221
2010,Syrian Arab Rep.,SYR,Czechia,CZE,0,0,0,,0,0,,8,0,0,0,,0,0,28,,36
2010,Syrian Arab Rep.,SYR,Ecuador,ECU,0,0,0,,9,0,,9,0,0,0,,0,0,0,,9
2010,Syrian Arab Rep.,SYR,France,FRA,0,0,0,,0,0,,72,0,0,0,,0,0,208,,280
2010,Syrian Arab Rep.,SYR,Germany,DEU,349,0,0,,3572,336,,5765,383,0,0,,5078,307,7443,,13208
2010,Syrian Arab Rep.,SYR,Croatia,HRV,0,0,0,,5,0,,5,0,0,0,,0,0,0,,5
2010,Syrian Arab Rep.,SYR,Iraq,IRQ,103,10,10,,180,21,,532,133,10,10,,272,35,691,,1223
2010,Syrian Arab Rep.,SYR,Italy,ITA,0,0,0,,0,0,,11,0,0,0,,0,0,18,,29
2010,Syrian Arab Rep.,SYR,Jordan,JOR,26,10,15,,91,0,,205,33,5,10,,152,12,278,,483
2010,Syrian Arab Rep.,SYR,Kyrgyzstan,KGZ,0,0,0,,0,0,,0,0,0,0,,23,0,23,,23
2010,Syrian Arab Rep.,SYR,Kuwait,KWT,0,0,5,,13,0,,18,0,0,0,,0,0,0,,18
2010,Syrian Arab Rep.,SYR,Lebanon,LBN,10,0,0,,40,0,,61,10,5,0,,110,0,143,,204
2010,Syrian Arab Rep.,SYR,"China, Macao SAR",MAC,0,0,0,,5,0,,5,0,0,0,,0,0,0,,5
2010,Syrian Arab Rep.,SYR,Rep. of Moldova,MDA,0,0,0,,0,0,,0,0,0,0,,15,0,15,,15
2010,Syrian Arab Rep.,SYR,Malaysia,MYS,0,0,0,,0,0,,0,0,0,0,,5,0,5,,5
2010,Syrian Arab Rep.,SYR,Netherlands,NLD,0,0,0,,0,0,,39,0,0,0,,0,0,94,,133
2010,Syrian Arab Rep.,SYR,Oman,OMN,0,0,0,,7,0,,7,0,0,0,,0,0,0,,7
2010,Syrian Arab Rep.,SYR,Qatar,QAT,0,0,0,,8,0,,8,0,0,0,,0,0,0,,8
2010,Syrian Arab Rep.,SYR,Saudi Arabia,SAU,0,0,0,,9,0,,14,0,0,0,,5,0,5,,19
2010,Syrian Arab Rep.,SYR,Serbia and Kosovo: S/RES/1244 (1999),SRB,0,0,0,,0,0,,0,0,0,0,,16,0,16,,16
2010,Syrian Arab Rep.,SYR,Spain,ESP,0,0,0,,0,0,,0,0,0,0,,0,0,12,,12
2010,Syrian Arab Rep.,SYR,Slovakia,SVK,0,0,0,,0,0,,0,0,0,0,,5,0,5,,5
2010,Syrian Arab Rep.,SYR,Switzerland,CHE,78,0,0,,247,0,,553,83,0,0,,574,5,1000,,1553
2010,Syrian Arab Rep.,SYR,Tunisia,TUN,0,0,0,,0,0,,0,0,0,0,,5,0,5,,5
2010,Syrian Arab Rep.,SYR,Turkey,TUR,5,0,0,,11,0,,16,0,0,0,,58,0,58,,74
2010,Syrian Arab Rep.,SYR,United Arab Emirates,ARE,0,0,0,,6,0,,6,5,0,0,,25,0,38,,44
2010,Syrian Arab Rep.,SYR,Ukraine,UKR,0,0,0,,5,0,,11,0,0,0,,39,0,75,,86
2010,Syrian Arab Rep.,SYR,Yemen,YEM,5,0,0,,36,5,,56,10,0,0,,15,0,30,,86
2011,Syrian Arab Rep.,SYR,Algeria,DZA,0,0,0,,0,0,,0,0,0,0,,5,0,5,,5
2011,Syrian Arab Rep.,SYR,Egypt,EGY,0,0,0,,18,0,,25,7,0,0,,51,0,69,,94
2011,Syrian Arab Rep.,SYR,Armenia,ARM,0,0,0,,0,0,,0,0,0,0,,0,0,6,,6
2011,Syrian Arab Rep.,SYR,Bahrain,BHR,0,0,0,,0,0,,5,0,0,0,,0,0,0,,5
2011,Syrian Arab Rep.,SYR,Belgium,BEL,0,0,0,,0,0,,96,0,0,0,,0,0,216,,312
2011,Syrian Arab Rep.,SYR,Brazil,BRA,0,0,0,,0,0,,0,0,0,0,,19,0,19,,19
2011,Syrian Arab Rep.,SYR,Bulgaria,BGR,0,0,0,,11,0,,11,0,0,0,,58,0,74,,85
2011,Syrian Arab Rep.,SYR,Canada,CAN,12,0,0,,114,29,,168,10,0,0,,201,14,242,,410
2011,Syrian Arab Rep.,SYR,Chad,TCD,0,0,0,,5,0,,5,0,0,0,,0,0,0,,5
2011,Syrian Arab Rep.,SYR,Ecuador,ECU,0,0,0,,5,0,,5,0,0,0,,6,0,6,,11
2011,Syrian Arab Rep.,SYR,France,FRA,0,0,0,,0,0,,98,0,0,0,,0,0,253,,351
2011,Syrian Arab Rep.,SYR,Germany,DEU,461,0,0,,3944,375,,6400,475,0,0,,5837,347,8468,,14868
2011,Syrian Arab Rep.,SYR,Indonesia,IDN,0,0,0,,0,0,,0,0,0,0,,5,0,5,,5
2011,Syrian Arab Rep.,SYR,Iraq,IRQ,109,10,10,,382,23,,776,130,10,5,,504,37,937,,1713
2011,Syrian Arab Rep.,SYR,Jordan,JOR,191,11,10,,543,24,,1230,211,6,5,,854,37,1579,,2809
2011,Syrian Arab Rep.,SYR,Kyrgyzstan,KGZ,0,0,0,,9,0,,9,0,0,0,,11,0,11,,20
2011,Syrian Arab Rep.,SYR,Kuwait,KWT,0,0,0,,15,0,,15,0,0,5,,0,0,5,,20
2011,Syrian Arab Rep.,SYR,Lebanon,LBN,457,10,10,,1218,0,,2584,547,10,10,,1264,52,2757,,5331
2011,Syrian Arab Rep.,SYR,"China, Macao SAR",MAC,0,0,0,,5,0,,5,0,0,0,,0,0,0,,5
2011,Syrian Arab Rep.,SYR,Rep. of Moldova,MDA,0,0,0,,0,0,,0,0,0,0,,21,0,21,,21
2011,Syrian Arab Rep.,SYR,Malaysia,MYS,0,0,0,,5,0,,5,0,0,0,,10,0,10,,15
2011,Syrian Arab Rep.,SYR,Morocco,MAR,0,0,0,,0,0,,0,0,0,0,,5,0,5,,5
2011,Syrian Arab Rep.,SYR,Oman,OMN,0,0,0,,12,0,,12,0,0,0,,0,0,0,,12
2011,Syrian Arab Rep.,SYR,Qatar,QAT,0,0,0,,8,0,,8,0,0,0,,0,0,0,,8
2011,Syrian Arab Rep.,SYR,Romania,ROU,0,0,0,,0,0,,0,0,0,0,,5,0,5,,5
2011,Syrian Arab Rep.,SYR,Saudi Arabia,SAU,0,0,0,,9,0,,14,0,0,0,,10,0,10,,24
2011,Syrian Arab Rep.,SYR,Slovakia,SVK,0,0,0,,0,0,,0,0,0,0,,5,0,5,,5
2011,Syrian Arab Rep.,SYR,Slovenia,SVN,0,0,0,,0,0,,0,0,0,0,,5,0,5,,5
2011,Syrian Arab Rep.,SYR,Switzerland,CHE,104,0,0,,319,0,,728,122,0,0,,838,5,1412,,2140
2011,Syrian Arab Rep.,SYR,Thailand,THA,0,0,0,,0,0,,0,0,0,0,,10,0,10,,10
2011,Syrian Arab Rep.,SYR,Tunisia,TUN,0,0,0,,0,0,,0,0,0,5,,6,0,11,,11
2011,Syrian Arab Rep.,SYR,Turkey,TUR,17,5,5,,44,0,,88,16,5,5,,100,0,137,,225
2011,Syrian Arab Rep.,SYR,United Arab Emirates,ARE,0,0,0,,6,0,,11,5,0,0,,18,0,31,,42
2011,Syrian Arab Rep.,SYR,Ukraine,UKR,0,0,0,,0,0,,0,0,0,0,,82,0,82,,82
2011,Syrian Arab Rep.,SYR,Yemen,YEM,0,0,0,,15,0,,15,0,0,0,,42,0,51,,66
2012,Syrian Arab Rep.,SYR,Albania,ALB,0,0,0,,5,0,,5,0,0,0,,0,0,0,,5
2012,Syrian Arab Rep.,SYR,Algeria,DZA,8,11,12,,31,0,,62,18,14,7,,135,0,174,,236
2012,Syrian Arab Rep.,SYR,Egypt,EGY,840,1134,787,,3325,229,,6315,886,1137,908,,3326,264,6521,,12836
2012,Syrian Arab Rep.,SYR,Argentina,ARG,0,0,0,,19,5,,24,5,0,0,,21,0,26,,50
2012,Syrian Arab Rep.,SYR,Armenia,ARM,24,30,28,,115,20,,217,25,33,30,,151,20,259,,476
2012,Syrian Arab Rep.,SYR,Azerbaijan,AZE,0,0,0,,0,0,,0,0,0,0,,0,0,5,,5
2012,Syrian Arab Rep.,SYR,Bahrain,BHR,0,0,0,,0,0,,5,0,0,0,,0,0,0,,5
2012,Syrian Arab Rep.,SYR,Belgium,BEL,0,0,0,,0,0,,112,0,0,0,,0,0,243,,355
2012,Syrian Arab Rep.,SYR,Belarus,BLR,0,0,0,,0,0,,0,0,0,0,,11,0,11,,11
2012,Syrian Arab Rep.,SYR,Brazil,BRA,0,0,0,,20,0,,20,0,7,5,,77,0,89,,109
2012,Syrian Arab Rep.,SYR,Bosnia and Herzegovina,BIH,0,0,0,,6,0,,6,0,5,0,,20,0,25,,31
2012,Syrian Arab Rep.,SYR,Bulgaria,BGR,0,0,0,,0,0,,61,0,0,0,,0,0,375,,436
2012,Syrian Arab Rep.,SYR,Canada,CAN,12,18,8,,151,71,,260,9,15,14,,222,39,299,,559
2012,Syrian Arab Rep.,SYR,Chad,TCD,0,0,0,,5,0,,5,0,0,0,,0,0,0,,5
2012,Syrian Arab Rep.,SYR,Cameroon,CMR,0,0,0,,0,0,,0,0,0,0,,5,0,5,,5
2012,Syrian Arab Rep.,SYR,Cuba,CUB,0,0,0,,5,0,,5,0,0,0,,11,0,11,,16
2012,Syrian Arab Rep.,SYR,Czechia,CZE,0,0,0,,0,0,,11,0,0,0,,0,0,43,,54
2012,Syrian Arab Rep.,SYR,Ecuador,ECU,0,0,0,,5,0,,5,0,0,0,,6,0,6,,11
2012,Syrian Arab Rep.,SYR,France,FRA,0,0,0,,0,0,,179,0,0,0,,0,0,461,,640
2012,Syrian Arab Rep.,SYR,Georgia,GEO,0,0,0,,5,0,,5,0,0,0,,11,0,11,,16
2012,Syrian Arab Rep.,SYR,Germany,DEU,850,1314,1207,,6174,577,,10122,887,1491,1422,,9717,512,14029,,24151
2012,Syrian Arab Rep.,SYR,Croatia,HRV,0,0,0,,10,0,,10,0,0,5,,37,0,42,,52
2012,Syrian Arab Rep.,SYR,India,IND,0,0,0,,5,0,,5,0,0,0,,6,0,6,,11
2012,Syrian Arab Rep.,SYR,Indonesia,IDN,5,0,10,,5,0,,25,5,0,17,,5,0,27,,52
2012,Syrian Arab Rep.,SYR,Iraq,IRQ,4520,3921,2225,,11224,517,,22407,4668,4122,4268,,28850,442,42350,,64757
2012,Syrian Arab Rep.,SYR,Jordan,JOR,22203,25388,17858,,53504,3457,,122410,20205,25535,19088,,49581,2470,116879,,239289
2012,Syrian Arab Rep.,SYR,Kazakhstan,KAZ,0,0,0,,0,0,,0,0,0,0,,12,0,12,,12
2012,Syrian Arab Rep.,SYR,Kyrgyzstan,KGZ,0,0,5,,12,0,,17,5,5,0,,14,0,24,,41
2012,Syrian Arab Rep.,SYR,Rep. of Korea,KOR,0,0,0,,6,0,,6,0,0,0,,142,0,142,,148
2012,Syrian Arab Rep.,SYR,Kuwait,KWT,0,0,5,,15,0,,20,0,0,5,,0,0,5,,25
2012,Syrian Arab Rep.,SYR,Libya,LBY,351,447,785,,34,0,,1617,358,522,1141,,24,0,2045,,3662
2012,Syrian Arab Rep.,SYR,Lebanon,LBN,12714,12271,8078,,29723,1854,,64640,13399,13054,8299,,26255,1534,62541,,127181
2012,Syrian Arab Rep.,SYR,Lithuania,LTU,0,0,0,,0,0,,0,0,0,0,,5,0,5,,5
2012,Syrian Arab Rep.,SYR,Latvia,LVA,0,0,0,,0,0,,0,0,0,0,,28,0,28,,28
2012,Syrian Arab Rep.,SYR,Rep. of Moldova,MDA,0,5,0,,12,0,,17,0,0,0,,71,0,71,,88
2012,Syrian Arab Rep.,SYR,Malaysia,MYS,6,6,0,,22,0,,34,9,5,5,,35,0,54,,88
2012,Syrian Arab Rep.,SYR,Morocco,MAR,20,19,5,,43,0,,87,21,10,26,,698,0,755,,842
2012,Syrian Arab Rep.,SYR,Montenegro,MNE,0,0,0,,0,0,,0,0,0,0,,5,0,5,,5
2012,Syrian Arab Rep.,SYR,Niger,NER,0,0,0,,5,0,,5,0,0,0,,0,0,0,,5
2012,Syrian Arab Rep.,SYR,Norway,NOR,0,0,0,,0,0,,66,0,0,0,,0,0,240,,306
2012,Syrian Arab Rep.,SYR,Oman,OMN,0,0,0,,12,0,,12,0,0,0,,0,0,0,,12
2012,Syrian Arab Rep.,SYR,Philippines,PHL,0,0,0,,0,0,,0,0,0,0,,5,0,5,,5
2012,Syrian Arab Rep.,SYR,Qatar,QAT,0,0,0,,8,0,,8,0,0,0,,0,0,0,,8
2012,Syrian Arab Rep.,SYR,Romania,ROU,0,0,0,,7,0,,7,0,0,5,,105,0,110,,117
2012,Syrian Arab Rep.,SYR,Saudi Arabia,SAU,0,0,9,,0,0,,9,0,0,0,,17,0,17,,26
2012,Syrian Arab Rep.,SYR,Serbia and Kosovo: S/RES/1244 (1999),SRB,0,0,0,,5,0,,5,0,0,7,,37,0,44,,49
2012,Syrian Arab Rep.,SYR,Sudan,SDN,0,0,0,,5,0,,5,0,0,0,,27,0,27,,32
2012,Syrian Arab Rep.,SYR,Slovakia,SVK,0,0,0,,0,0,,0,0,0,0,,15,0,15,,15
2012,Syrian Arab Rep.,SYR,Slovenia,SVN,0,0,0,,0,0,,0,0,0,0,,5,0,5,,5
2012,Syrian Arab Rep.,SYR,Switzerland,CHE,103,115,60,,369,5,,1082,135,142,87,,1018,16,2001,,3083
2012,Syrian Arab Rep.,SYR,Thailand,THA,0,0,0,,10,0,,10,0,5,0,,55,0,60,,70
2012,Syrian Arab Rep.,SYR,Togo,TGO,0,0,0,,0,0,,0,0,0,0,,10,0,10,,10
2012,Syrian Arab Rep.,SYR,Tunisia,TUN,0,0,0,,11,0,,11,0,0,0,,25,0,25,,36
2012,Syrian Arab Rep.,SYR,Turkey,TUR,15,11,12,,50,0,,72279,11,13,7,,106,0,79086,,151365
2012,Syrian Arab Rep.,SYR,United Arab Emirates,ARE,0,0,6,,8,0,,14,0,0,11,,5,0,16,,30
2012,Syrian Arab Rep.,SYR,Ukraine,UKR,0,0,0,,0,0,,74,0,0,0,,0,0,442,,516
2012,Syrian Arab Rep.,SYR,Yemen,YEM,5,14,5,,42,0,,66,10,18,10,,69,0,107,,173
2013,Syrian Arab Rep.,SYR,Albania,ALB,0,0,5,,5,0,,10,0,0,0,,5,0,5,,15
2013,Syrian Arab Rep.,SYR,Algeria,DZA,58,64,47,,180,9,,358,82,73,46,,516,6,723,,1081
2013,Syrian Arab Rep.,SYR,Egypt,EGY,9504,11289,7402,,33400,2691,,64286,9932,12017,8590,,34101,2731,67371,,131657
2013,Syrian Arab Rep.,SYR,Argentina,ARG,5,5,7,,47,9,,73,6,14,9,,63,6,98,,171
2013,Syrian Arab Rep.,SYR,Armenia,ARM,15,33,28,,142,18,,236,23,28,32,,188,25,296,,532
2013,Syrian Arab Rep.,SYR,Azerbaijan,AZE,0,0,0,,0,0,,0,0,0,0,,9,0,9,,9
2013,Syrian Arab Rep.,SYR,Belgium,BEL,0,0,0,,0,0,,150,0,0,0,,0,0,321,,471
2013,Syrian Arab Rep.,SYR,Belarus,BLR,0,0,0,,6,0,,6,0,0,0,,54,0,54,,60
2013,Syrian Arab Rep.,SYR,Bolivia (Plurinational State of),BOL,0,0,0,,0,0,,5,0,0,0,,0,0,0,,5
2013,Syrian Arab Rep.,SYR,Brazil,BRA,5,9,10,,92,8,,124,12,20,15,,226,5,278,,402
2013,Syrian Arab Rep.,SYR,Bosnia and Herzegovina,BIH,0,5,12,,20,0,,37,0,6,5,,18,0,29,,66
2013,Syrian Arab Rep.,SYR,Bulgaria,BGR,191,291,0,,559,19,,1060,165,378,0,,882,15,1440,,2500
2013,Syrian Arab Rep.,SYR,Canada,CAN,17,45,21,,255,127,,465,27,31,27,,271,78,434,,899
2013,Syrian Arab Rep.,SYR,Chad,TCD,0,0,5,,0,0,,5,0,0,5,,5,0,10,,15
2013,Syrian Arab Rep.,SYR,Cameroon,CMR,0,0,0,,0,0,,0,0,0,5,,5,0,10,,10
2013,Syrian Arab Rep.,SYR,Costa Rica,CRI,0,0,0,,0,0,,0,0,0,0,,5,0,5,,5
2013,Syrian Arab Rep.,SYR,Cuba,CUB,0,0,6,,0,0,,6,0,0,0,,18,0,18,,24
2013,Syrian Arab Rep.,SYR,Dominican Rep.,DOM,0,0,0,,0,0,,0,0,0,0,,5,0,5,,5
2013,Syrian Arab Rep.,SYR,Ecuador,ECU,0,0,0,,5,0,,5,0,0,0,,11,0,11,,16
2013,Syrian Arab Rep.,SYR,Estonia,EST,0,0,0,,0,0,,0,0,0,0,,10,0,10,,10
2013,Syrian Arab Rep.,SYR,France,FRA,0,0,0,,0,0,,522,0,0,0,,0,0,952,,1474
2013,Syrian Arab Rep.,SYR,Georgia,GEO,0,5,0,,6,5,,16,0,0,0,,35,0,35,,51
2013,Syrian Arab Rep.,SYR,Germany,DEU,1312,1796,1334,,7103,635,,12180,1371,2057,1621,,13995,595,19639,,31819
2013,Syrian Arab Rep.,SYR,Ghana,GHA,5,5,0,,9,0,,19,5,5,0,,26,0,36,,55
2013,Syrian Arab Rep.,SYR,Croatia,HRV,0,0,0,,5,0,,5,0,0,0,,54,0,54,,59
2013,Syrian Arab Rep.,SYR,Cote d'Ivoire,CIV,0,0,0,,0,0,,0,0,0,5,,7,0,12,,12
2013,Syrian Arab Rep.,SYR,India,IND,0,0,0,,5,0,,5,0,5,0,,20,0,25,,30
2013,Syrian Arab Rep.,SYR,Indonesia,IDN,5,10,0,,13,0,,28,5,10,0,,35,0,50,,78
2013,Syrian Arab Rep.,SYR,Ireland,IRL,5,0,0,,15,5,,25,0,5,0,,36,5,46,,71
2013,Syrian Arab Rep.,SYR,Iraq,IRQ,15972,14715,9486,,44722,2094,,86989,16327,15757,14798,,78339,1763,126984,,213973
2013,Syrian Arab Rep.,SYR,Jordan,JOR,54454,58887,40398,,138153,11429,,303321,55582,61177,42248,,114747,8229,281983,,585304
2013,Syrian Arab Rep.,SYR,Japan,JPN,0,0,0,,0,0,,8,0,0,0,,0,0,18,,26
2013,Syrian Arab Rep.,SYR,Kazakhstan,KAZ,0,0,0,,7,0,,7,0,0,0,,22,0,22,,29
2013,Syrian Arab Rep.,SYR,Kyrgyzstan,KGZ,0,0,5,,22,0,,27,5,6,15,,39,0,65,,92
2013,Syrian Arab Rep.,SYR,Rep. of Korea,KOR,6,6,0,,17,0,,29,8,0,16,,380,0,404,,433
2013,Syrian Arab Rep.,SYR,Kuwait,KWT,0,0,6,,17,0,,23,0,0,0,,0,0,0,,23
2013,Syrian Arab Rep.,SYR,Liberia,LBR,0,0,0,,0,0,,0,0,0,0,,10,0,10,,10
2013,Syrian Arab Rep.,SYR,Libya,LBY,1303,1553,826,,3825,160,,7667,1376,1526,1024,,5024,179,9129,,16796
2013,Syrian Arab Rep.,SYR,Lebanon,LBN,83525,84894,51863,,201714,12285,,434281,88717,90182,51294,,177641,9500,417334,,851615
2013,Syrian Arab Rep.,SYR,Lithuania,LTU,0,0,0,,0,0,,0,0,0,5,,6,0,11,,11
2013,Syrian Arab Rep.,SYR,Latvia,LVA,0,0,0,,0,0,,0,0,0,0,,41,0,41,,41
2013,Syrian Arab Rep.,SYR,Mauritania,MRT,0,0,0,,11,5,,16,5,0,5,,15,5,30,,46
2013,Syrian Arab Rep.,SYR,North Macedonia,MKD,0,0,0,,8,0,,8,0,0,16,,181,0,197,,205
2013,Syrian Arab Rep.,SYR,Rep. of Moldova,MDA,5,6,0,,24,5,,40,0,6,0,,115,5,126,,166
2013,Syrian Arab Rep.,SYR,Mexico,MEX,0,0,0,,0,0,,0,0,0,0,,13,0,13,,13
2013,Syrian Arab Rep.,SYR,Malaysia,MYS,29,26,38,,165,9,,267,47,53,48,,398,8,554,,821
2013,Syrian Arab Rep.,SYR,Mongolia,MNG,0,0,0,,5,0,,5,0,0,0,,0,0,0,,5
2013,Syrian Arab Rep.,SYR,Morocco,MAR,18,22,6,,42,0,,88,22,12,38,,696,0,768,,856
2013,Syrian Arab Rep.,SYR,Montenegro,MNE,0,0,0,,0,0,,0,0,0,0,,60,0,60,,60
2013,Syrian Arab Rep.,SYR,Niger,NER,0,0,0,,6,0,,6,0,0,0,,0,0,0,,6
2013,Syrian Arab Rep.,SYR,Nigeria,NGA,0,0,0,,0,0,,0,0,0,0,,19,0,19,,19
2013,Syrian Arab Rep.,SYR,Norway,NOR,0,0,0,,0,0,,49,0,0,0,,0,0,175,,224
2013,Syrian Arab Rep.,SYR,Oman,OMN,0,0,0,,12,0,,12,0,0,0,,0,0,0,,12
2013,Syrian Arab Rep.,SYR,Pakistan,PAK,0,0,5,,8,0,,13,0,0,0,,0,0,0,,13
2013,Syrian Arab Rep.,SYR,Peru,PER,0,0,0,,0,0,,0,0,0,0,,5,0,5,,5
2013,Syrian Arab Rep.,SYR,Philippines,PHL,0,0,0,,5,0,,5,0,0,0,,23,0,23,,28
2013,Syrian Arab Rep.,SYR,Qatar,QAT,0,0,0,,8,0,,8,0,0,0,,0,0,0,,8
2013,Syrian Arab Rep.,SYR,Romania,ROU,0,0,0,,0,0,,129,0,0,0,,0,0,329,,458
2013,Syrian Arab Rep.,SYR,Saudi Arabia,SAU,0,0,9,,0,0,,9,0,0,0,,17,0,17,,26
2013,Syrian Arab Rep.,SYR,Serbia and Kosovo: S/RES/1244 (1999),SRB,0,0,0,,5,0,,5,0,0,5,,58,0,63,,68
2013,Syrian Arab Rep.,SYR,Senegal,SEN,0,0,0,,0,0,,0,0,0,0,,5,0,5,,5
2013,Syrian Arab Rep.,SYR,Somalia,SOM,0,0,0,,10,0,,10,0,0,0,,0,0,0,,10
2013,Syrian Arab Rep.,SYR,Sudan,SDN,16,28,17,,69,0,,130,17,19,19,,117,6,178,,308
2013,Syrian Arab Rep.,SYR,Slovenia,SVN,0,0,0,,0,0,,0,0,0,0,,11,0,11,,11
2013,Syrian Arab Rep.,SYR,Switzerland,CHE,238,257,149,,807,53,,1810,238,339,213,,1632,48,2859,,4669
2013,Syrian Arab Rep.,SYR,United Rep. of Tanzania,TZA,0,0,0,,0,0,,0,0,0,0,,5,0,5,,5
2013,Syrian Arab Rep.,SYR,Thailand,THA,8,5,5,,53,0,,71,8,5,5,,94,5,117,,188
2013,Syrian Arab Rep.,SYR,Tunisia,TUN,8,16,6,,27,5,,62,8,14,10,,70,0,102,,164
2013,Syrian Arab Rep.,SYR,Turkey,TUR,15,16,11,,72,0,,114,10,15,5,,84,0,114,,228
2013,Syrian Arab Rep.,SYR,United Arab Emirates,ARE,0,0,5,,14,0,,19,0,0,5,,6,0,11,,30
2013,Syrian Arab Rep.,SYR,Uganda,UGA,0,0,0,,10,0,,10,0,0,0,,0,0,0,,10
2013,Syrian Arab Rep.,SYR,Ukraine,UKR,0,0,0,,0,0,,122,0,0,0,,0,0,469,,591
2013,Syrian Arab Rep.,SYR,Yemen,YEM,120,168,94,,430,20,,832,123,169,121,,542,28,983,,1815
2013,Syrian Arab Rep.,SYR,Zambia,ZMB,0,0,0,,0,0,,0,0,0,0,,5,0,5,,5
2014,Syrian Arab Rep.,SYR,Albania,ALB,0,0,0,,10,0,,15,0,0,0,,0,0,0,,15
2014,Syrian Arab Rep.,SYR,Algeria,DZA,265,246,153,,723,25,,1412,288,293,218,,1870,27,2696,,4108
2014,Syrian Arab Rep.,SYR,Egypt,EGY,8812,7877,35662,,12430,2856,,67637,9287,8565,36842,,13215,2835,70744,,138381
2014,Syrian Arab Rep.,SYR,Argentina,ARG,6,6,9,,71,10,,102,8,18,11,,106,10,153,,255
2014,Syrian Arab Rep.,SYR,Armenia,ARM,16,36,28,,145,26,,251,20,31,34,,189,29,303,,554
2014,Syrian Arab Rep.,SYR,Azerbaijan,AZE,0,0,0,,0,0,,0,0,0,0,,7,0,7,,7
2014,Syrian Arab Rep.,SYR,Belarus,BLR,5,0,0,,21,0,,26,0,0,0,,94,0,94,,120
2014,Syrian Arab Rep.,SYR,Bolivia (Plurinational State of),BOL,0,0,0,,0,0,,0,0,0,0,,0,0,6,,6
2014,Syrian Arab Rep.,SYR,Brazil,BRA,30,48,37,,269,21,,405,37,75,56,,1209,33,1410,,1815
2014,Syrian Arab Rep.,SYR,Bosnia and Herzegovina,BIH,0,0,5,,7,0,,12,0,0,5,,8,0,13,,25
2014,Syrian Arab Rep.,SYR,Bulgaria,BGR,0,0,0,,0,0,,733,0,0,0,,0,0,1777,,2510
2014,Syrian Arab Rep.,SYR,Canada,CAN,22,52,25,,248,124,,471,28,42,32,,224,65,391,,862
2014,Syrian Arab Rep.,SYR,Central African Rep.,CAF,0,0,0,,10,0,,10,0,0,0,,0,0,0,,10
2014,Syrian Arab Rep.,SYR,Chad,TCD,0,0,5,,5,0,,10,0,0,0,,10,0,10,,20
2014,Syrian Arab Rep.,SYR,China,CHN,0,0,0,,0,0,,0,0,0,0,,5,0,5,,5
2014,Syrian Arab Rep.,SYR,Cameroon,CMR,0,0,0,,0,0,,0,0,0,0,,11,0,11,,11
2014,Syrian Arab Rep.,SYR,Colombia,COL,0,0,0,,0,0,,0,0,0,0,,5,0,5,,5
2014,Syrian Arab Rep.,SYR,Cuba,CUB,0,5,5,,0,0,,10,0,0,0,,10,0,10,,20
2014,Syrian Arab Rep.,SYR,Djibouti,DJI,0,0,0,,0,0,,5,0,0,0,,0,0,0,,5
2014,Syrian Arab Rep.,SYR,Estonia,EST,0,0,0,,0,0,,0,0,0,0,,11,0,11,,11
2014,Syrian Arab Rep.,SYR,Ethiopia,ETH,0,0,0,,10,0,,10,0,0,0,,0,0,0,,10
2014,Syrian Arab Rep.,SYR,France,FRA,0,0,0,,0,0,,1134,0,0,0,,0,0,1748,,2882
2014,Syrian Arab Rep.,SYR,Georgia,GEO,0,5,0,,16,0,,21,6,0,5,,58,0,69,,90
2014,Syrian Arab Rep.,SYR,Germany,DEU,2862,3796,2304,,13410,1137,,23509,3027,4253,3317,,35445,1034,47076,,70585
2014,Syrian Arab Rep.,SYR,Ghana,GHA,5,6,5,,16,0,,32,7,9,5,,25,0,46,,78
2014,Syrian Arab Rep.,SYR,Croatia,HRV,0,0,0,,5,0,,5,0,0,0,,22,0,22,,27
2014,Syrian Arab Rep.,SYR,Cote d'Ivoire,CIV,0,0,6,,10,0,,16,0,0,0,,5,0,5,,21
2014,Syrian Arab Rep.,SYR,India,IND,0,0,0,,10,0,,10,5,5,13,,12,0,35,,45
2014,Syrian Arab Rep.,SYR,Indonesia,IDN,5,11,0,,18,0,,34,5,6,5,,36,0,52,,86
2014,Syrian Arab Rep.,SYR,Iraq,IRQ,18307,18960,13402,,47800,2284,,100753,18872,20047,18090,,74513,1921,133443,,234196
2014,Syrian Arab Rep.,SYR,Jamaica,JAM,0,0,0,,5,0,,5,0,0,0,,0,0,0,,5
2014,Syrian Arab Rep.,SYR,Jordan,JOR,51833,64223,40616,,147125,12634,,316431,54699,67760,43277,,131825,9120,306681,,623112
2014,Syrian Arab Rep.,SYR,Japan,JPN,0,0,0,,0,0,,13,0,0,0,,0,0,28,,41
2014,Syrian Arab Rep.,SYR,Kazakhstan,KAZ,0,0,0,,0,0,,0,0,5,0,,37,0,42,,42
2014,Syrian Arab Rep.,SYR,Kenya,KEN,0,0,0,,5,0,,5,0,0,0,,0,0,0,,5
2014,Syrian Arab Rep.,SYR,Kyrgyzstan,KGZ,0,5,6,,9,0,,20,0,8,5,,40,0,53,,73
2014,Syrian Arab Rep.,SYR,Rep. of Korea,KOR,7,8,5,,24,0,,44,15,12,9,,483,0,519,,563
2014,Syrian Arab Rep.,SYR,Liberia,LBR,0,0,0,,0,0,,0,0,0,0,,6,0,6,,6
2014,Syrian Arab Rep.,SYR,Libya,LBY,1164,1828,939,,4232,182,,8345,1169,2134,1183,,5609,213,10308,,18653
2014,Syrian Arab Rep.,SYR,Lebanon,LBN,104541,125268,72774,,287527,18318,,608428,107463,131007,72972,,216304,13729,541475,,1149903
2014,Syrian Arab Rep.,SYR,Sri Lanka,LKA,0,0,0,,5,0,,5,0,0,0,,5,0,5,,10
2014,Syrian Arab Rep.,SYR,Lithuania,LTU,0,0,0,,5,0,,5,0,0,0,,5,0,5,,10
2014,Syrian Arab Rep.,SYR,Luxembourg,LUX,0,0,0,,0,0,,46,0,0,0,,0,0,73,,119
2014,Syrian Arab Rep.,SYR,Latvia,LVA,5,0,0,,5,0,,10,0,0,0,,59,0,59,,69
2014,Syrian Arab Rep.,SYR,Mauritania,MRT,5,0,0,,25,5,,35,13,5,0,,37,5,60,,95
2014,Syrian Arab Rep.,SYR,North Macedonia,MKD,9,12,10,,43,0,,74,5,11,19,,550,5,590,,664
2014,Syrian Arab Rep.,SYR,Rep. of Moldova,MDA,5,6,5,,31,5,,52,0,10,5,,136,5,156,,208
2014,Syrian Arab Rep.,SYR,Mali,MLI,0,0,0,,0,0,,0,0,0,10,,6,0,16,,16
2014,Syrian Arab Rep.,SYR,Malaysia,MYS,30,35,38,,202,9,,314,51,72,50,,479,11,663,,977
2014,Syrian Arab Rep.,SYR,Mongolia,MNG,0,0,0,,0,0,,0,0,0,0,,5,0,5,,5
2014,Syrian Arab Rep.,SYR,Morocco,MAR,46,56,34,,125,10,,271,41,57,44,,228,6,376,,647
2014,Syrian Arab Rep.,SYR,Montenegro,MNE,0,0,0,,8,0,,8,0,0,0,,28,0,28,,36
2014,Syrian Arab Rep.,SYR,Niger,NER,0,0,0,,6,0,,6,0,0,0,,0,0,0,,6
2014,Syrian Arab Rep.,SYR,Nigeria,NGA,0,0,0,,5,0,,5,0,0,0,,23,0,23,,28
2014,Syrian Arab Rep.,SYR,Oman,OMN,0,0,0,,12,0,,12,0,0,0,,0,0,0,,12
2014,Syrian Arab Rep.,SYR,Pakistan,PAK,0,0,5,,5,0,,10,0,0,0,,6,0,6,,16
2014,Syrian Arab Rep.,SYR,Paraguay,PRY,0,0,0,,7,0,,7,0,0,0,,10,0,10,,17
2014,Syrian Arab Rep.,SYR,Peru,PER,0,0,0,,5,0,,5,0,0,0,,15,0,15,,20
2014,Syrian Arab Rep.,SYR,Philippines,PHL,0,0,0,,8,0,,8,0,0,0,,46,0,46,,54
2014,Syrian Arab Rep.,SYR,Qatar,QAT,5,0,0,,9,0,,14,0,0,0,,0,0,0,,14
2014,Syrian Arab Rep.,SYR,Romania,ROU,51,66,39,,248,16,,441,79,70,58,,634,17,951,,1392
2014,Syrian Arab Rep.,SYR,South Africa,ZAF,0,0,0,,0,0,,9,0,0,0,,0,0,19,,28
2014,Syrian Arab Rep.,SYR,Saudi Arabia,SAU,0,0,5,,8,0,,13,0,0,0,,17,0,17,,30
2014,Syrian Arab Rep.,SYR,Serbia and Kosovo: S/RES/1244 (1999),SRB,0,0,0,,11,0,,11,5,5,17,,206,0,233,,244
2014,Syrian Arab Rep.,SYR,Senegal,SEN,0,0,0,,5,0,,5,5,6,0,,5,0,16,,21
2014,Syrian Arab Rep.,SYR,Somalia,SOM,5,7,5,,13,0,,30,7,6,5,,15,0,33,,63
2014,Syrian Arab Rep.,SYR,Sudan,SDN,70,95,54,,236,10,,465,69,102,56,,327,16,570,,1035
2014,Syrian Arab Rep.,SYR,Slovenia,SVN,0,0,5,,10,0,,15,0,0,0,,15,0,15,,30
2014,Syrian Arab Rep.,SYR,Switzerland,CHE,431,540,316,,1630,154,,3657,478,601,425,,2321,117,4813,,8470
2014,Syrian Arab Rep.,SYR,Thailand,THA,12,8,0,,51,5,,76,11,5,5,,153,0,174,,250
2014,Syrian Arab Rep.,SYR,Togo,TGO,0,0,0,,0,0,,0,0,0,0,,5,0,5,,5
2014,Syrian Arab Rep.,SYR,Trinidad and Tobago,TTO,0,0,0,,0,0,,0,0,0,0,,20,0,20,,20
2014,Syrian Arab Rep.,SYR,Tunisia,TUN,32,51,32,,128,6,,249,30,74,29,,176,0,309,,558
2014,Syrian Arab Rep.,SYR,Turkey,TUR,22358,23154,16200,,50770,4062,,116544,24347,24498,16949,,50416,3989,120199,,236743
2014,Syrian Arab Rep.,SYR,United Arab Emirates,ARE,0,0,5,,13,0,,18,0,0,5,,17,0,22,,40
2014,Syrian Arab Rep.,SYR,Uganda,UGA,0,0,0,,0,0,,0,0,0,0,,13,0,13,,13
2014,Syrian Arab Rep.,SYR,Ukraine,UKR,0,0,0,,0,0,,149,0,0,0,,0,0,445,,594
2014,Syrian Arab Rep.,SYR,Uruguay,URY,5,6,5,,8,0,,24,0,8,11,,16,0,35,,59
2014,Syrian Arab Rep.,SYR,Yemen,YEM,245,342,193,,738,33,,1551,250,327,217,,919,51,1764,,3315
2014,Syrian Arab Rep.,SYR,Zambia,ZMB,0,0,0,,0,0,,0,0,0,0,,10,0,10,,10
2015,Syrian Arab Rep.,SYR,Albania,ALB,0,0,0,,5,0,,5,0,0,0,,0,0,0,,5
2015,Syrian Arab Rep.,SYR,Algeria,DZA,402,405,232,,1087,35,,2161,446,444,331,,2781,48,4050,,6211
2015,Syrian Arab Rep.,SYR,Antigua and Barbuda,ATG,0,0,0,,0,0,,0,0,0,0,,15,0,15,,15
2015,Syrian Arab Rep.,SYR,Egypt,EGY,6620,11129,6891,,30493,2533,,57666,7016,11794,7362,,31173,2623,59968,,117634
2015,Syrian Arab Rep.,SYR,Argentina,ARG,5,13,18,,101,12,,149,11,26,23,,150,15,225,,374
2015,Syrian Arab Rep.,SYR,Armenia,ARM,18,38,29,,167,33,,8285,21,36,38,,204,39,8338,,16623
2015,Syrian Arab Rep.,SYR,Azerbaijan,AZE,0,0,0,,0,0,,0,0,0,0,,8,0,8,,8
2015,Syrian Arab Rep.,SYR,Belgium,BEL,0,0,0,,0,0,,1615,0,0,0,,0,0,2624,,4239
2015,Syrian Arab Rep.,SYR,Belarus,BLR,5,5,0,,16,0,,26,5,6,0,,106,0,117,,143
2015,Syrian Arab Rep.,SYR,Bolivia (Plurinational State of),BOL,0,0,0,,8,0,,8,0,0,0,,0,0,0,,8
2015,Syrian Arab Rep.,SYR,Brazil,BRA,0,236,64,,708,53,,1061,0,281,120,,1903,60,2364,,3425
2015,Syrian Arab Rep.,SYR,Bosnia and Herzegovina,BIH,0,0,0,,14,0,,14,0,0,0,,5,0,5,,19
2015,Syrian Arab Rep.,SYR,Bulgaria,BGR,0,0,0,,0,0,,660,0,0,0,,0,0,1023,,1683
2015,Syrian Arab Rep.,SYR,Canada,CAN,7,9,9,,60,27,,112,9,11,10,,65,20,115,,227
2015,Syrian Arab Rep.,SYR,Central African Rep.,CAF,0,0,0,,10,0,,10,0,0,0,,0,0,0,,10
2015,Syrian Arab Rep.,SYR,Chad,TCD,0,0,0,,5,0,,5,0,5,0,,18,0,23,,28
2015,Syrian Arab Rep.,SYR,China,CHN,6,0,0,,10,0,,16,0,0,0,,22,0,22,,38
2015,Syrian Arab Rep.,SYR,Cameroon,CMR,0,0,0,,10,0,,10,0,0,0,,15,0,15,,25
2015,Syrian Arab Rep.,SYR,Congo,COG,0,0,0,,10,0,,10,0,0,0,,0,0,0,,10
2015,Syrian Arab Rep.,SYR,Dem. Rep. of the Congo,COD,0,0,0,,7,0,,7,0,0,0,,0,0,0,,7
2015,Syrian Arab Rep.,SYR,Colombia,COL,0,0,0,,0,0,,0,0,0,0,,7,0,7,,7
2015,Syrian Arab Rep.,SYR,Cuba,CUB,0,0,5,,7,0,,12,0,5,0,,24,0,29,,41
2015,Syrian Arab Rep.,SYR,Djibouti,DJI,0,0,0,,0,0,,0,0,0,0,,5,0,5,,5
2015,Syrian Arab Rep.,SYR,Ecuador,ECU,0,5,5,,0,0,,10,0,0,17,,18,0,35,,45
2015,Syrian Arab Rep.,SYR,Estonia,EST,0,0,0,,0,0,,0,0,0,0,,6,0,6,,6
2015,Syrian Arab Rep.,SYR,Ethiopia,ETH,0,0,0,,9,0,,9,0,0,0,,15,0,15,,24
2015,Syrian Arab Rep.,SYR,France,FRA,0,0,0,,0,0,,2110,0,0,0,,0,0,3069,,5179
2015,Syrian Arab Rep.,SYR,Georgia,GEO,9,37,14,,125,25,,210,17,33,25,,172,28,275,,485
2015,Syrian Arab Rep.,SYR,Germany,DEU,8443,10500,5992,,37567,2274,,64776,9165,12518,11742,,126406,2272,162103,,226879
2015,Syrian Arab Rep.,SYR,Ghana,GHA,5,0,10,,10,0,,25,0,5,16,,49,0,70,,95
2015,Syrian Arab Rep.,SYR,Croatia,HRV,0,0,0,,5,0,,5,0,0,0,,23,0,23,,28
2015,Syrian Arab Rep.,SYR,Hungary,HUN,0,0,0,,0,0,,0,0,0,0,,0,0,49,,49
2015,Syrian Arab Rep.,SYR,Cote d'Ivoire,CIV,0,0,5,,5,0,,10,0,5,0,,15,0,20,,30
2015,Syrian Arab Rep.,SYR,India,IND,0,0,0,,15,0,,15,0,5,0,,41,0,46,,61
2015,Syrian Arab Rep.,SYR,Indonesia,IDN,10,12,0,,14,0,,36,5,7,5,,40,0,57,,93
2015,Syrian Arab Rep.,SYR,Ireland,IRL,0,5,10,,28,6,,49,0,5,0,,96,10,111,,160
2015,Syrian Arab Rep.,SYR,Iraq,IRQ,17982,18944,11297,,55618,3043,,106884,18566,19936,13995,,82590,2675,137762,,244646
2015,Syrian Arab Rep.,SYR,Jamaica,JAM,0,0,0,,5,0,,5,0,0,0,,0,0,0,,5
2015,Syrian Arab Rep.,SYR,Jordan,JOR,47134,67643,41629,,149579,13453,,319438,49724,71487,43927,,133962,9685,308785,,628223
2015,Syrian Arab Rep.,SYR,Kazakhstan,KAZ,0,0,0,,5,0,,5,0,0,0,,34,0,34,,39
2015,Syrian Arab Rep.,SYR,Kenya,KEN,0,0,0,,19,0,,19,0,0,0,,0,0,0,,19
2015,Syrian Arab Rep.,SYR,Kyrgyzstan,KGZ,0,0,5,,11,0,,16,5,9,0,,37,0,51,,67
2015,Syrian Arab Rep.,SYR,Rep. of Korea,KOR,44,31,12,,105,0,,192,42,26,38,,660,0,766,,958
2015,Syrian Arab Rep.,SYR,Kuwait,KWT,0,0,5,,5,0,,10,0,0,0,,9,0,9,,19
2015,Syrian Arab Rep.,SYR,Liberia,LBR,0,0,0,,0,0,,0,0,0,0,,11,0,11,,11
2015,Syrian Arab Rep.,SYR,Libya,LBY,828,1967,1006,,4473,199,,8473,853,2135,1129,,5855,243,10215,,18688
2015,Syrian Arab Rep.,SYR,Lebanon,LBN,95617,116876,65966,,257385,15396,,551240,99891,123140,68068,,210521,12087,513707,,1064947
2015,Syrian Arab Rep.,SYR,Sri Lanka,LKA,0,0,6,,5,0,,11,0,0,0,,5,0,5,,16
2015,Syrian Arab Rep.,SYR,Lithuania,LTU,0,0,0,,0,0,,0,0,0,0,,17,0,17,,17
2015,Syrian Arab Rep.,SYR,Luxembourg,LUX,0,0,0,,0,0,,277,0,0,0,,0,0,491,,768
2015,Syrian Arab Rep.,SYR,Mauritania,MRT,17,27,26,,76,5,,151,11,23,22,,110,5,171,,322
2015,Syrian Arab Rep.,SYR,North Macedonia,MKD,0,0,0,,0,0,,0,0,0,0,,11,0,16,,16
2015,Syrian Arab Rep.,SYR,Rep. of Moldova,MDA,9,8,5,,31,0,,53,5,10,5,,138,5,163,,216
2015,Syrian Arab Rep.,SYR,Mali,MLI,8,9,0,,22,0,,39,7,15,5,,26,0,53,,92
2015,Syrian Arab Rep.,SYR,Malaysia,MYS,42,69,47,,275,21,,454,62,98,73,,592,23,848,,1302
2015,Syrian Arab Rep.,SYR,Morocco,MAR,242,260,154,,553,32,,1241,230,276,192,,648,32,1378,,2619
2015,Syrian Arab Rep.,SYR,Niger,NER,0,0,0,,6,0,,6,0,0,0,,0,0,0,,6
2015,Syrian Arab Rep.,SYR,Nigeria,NGA,0,0,0,,10,0,,10,0,0,0,,63,0,63,,73
2015,Syrian Arab Rep.,SYR,Oman,OMN,0,0,0,,12,0,,12,0,0,0,,0,0,0,,12
2015,Syrian Arab Rep.,SYR,Pakistan,PAK,0,5,0,,10,0,,15,0,0,0,,11,0,11,,26
2015,Syrian Arab Rep.,SYR,Paraguay,PRY,0,0,0,,10,0,,10,0,0,0,,47,0,47,,57
2015,Syrian Arab Rep.,SYR,Philippines,PHL,0,0,0,,0,0,,0,0,0,0,,40,5,75,,75
2015,Syrian Arab Rep.,SYR,Qatar,QAT,0,0,5,,9,0,,14,0,0,0,,0,0,0,,14
2015,Syrian Arab Rep.,SYR,Romania,ROU,74,85,54,,314,24,,571,103,89,76,,749,23,1116,,1687
2015,Syrian Arab Rep.,SYR,El Salvador,SLV,0,0,5,,0,0,,5,0,0,0,,0,0,0,,5
2015,Syrian Arab Rep.,SYR,Saudi Arabia,SAU,0,0,0,,9,0,,9,0,0,0,,0,0,0,,9
2015,Syrian Arab Rep.,SYR,Serbia and Kosovo: S/RES/1244 (1999),SRB,0,0,0,,0,0,,0,0,0,0,,11,0,11,,11
2015,Syrian Arab Rep.,SYR,Senegal,SEN,0,0,0,,5,0,,5,5,6,0,,5,0,16,,21
2015,Syrian Arab Rep.,SYR,Somalia,SOM,5,11,7,,23,0,,46,14,12,5,,48,0,79,,125
2015,Syrian Arab Rep.,SYR,Sudan,SDN,215,310,158,,726,33,,1442,212,359,198,,967,41,1777,,3219
2015,Syrian Arab Rep.,SYR,Slovenia,SVN,0,5,0,,6,0,,11,0,0,0,,29,0,29,,40
2015,Syrian Arab Rep.,SYR,Switzerland,CHE,294,394,289,,1386,178,,2792,317,443,366,,2478,115,3843,,6635
2015,Syrian Arab Rep.,SYR,Thailand,THA,15,14,5,,61,0,,95,9,14,5,,217,0,245,,340
2015,Syrian Arab Rep.,SYR,Togo,TGO,0,0,0,,0,0,,0,0,0,0,,10,0,10,,10
2015,Syrian Arab Rep.,SYR,Trinidad and Tobago,TTO,0,0,0,,5,0,,5,0,0,0,,42,0,42,,47
2015,Syrian Arab Rep.,SYR,Tunisia,TUN,30,39,22,,110,10,,211,21,51,24,,192,0,288,,499
2015,Syrian Arab Rep.,SYR,United Arab Emirates,ARE,0,16,6,,43,5,,70,0,12,17,,46,0,75,,145
2015,Syrian Arab Rep.,SYR,Uganda,UGA,0,0,0,,0,0,,0,0,0,0,,17,0,17,,17
2015,Syrian Arab Rep.,SYR,Ukraine,UKR,0,0,0,,0,0,,59,0,0,0,,0,0,340,,399
2015,Syrian Arab Rep.,SYR,Uruguay,URY,5,8,6,,9,0,,28,5,9,6,,20,0,40,,68
2015,Syrian Arab Rep.,SYR,Yemen,YEM,208,352,225,,859,46,,1690,223,372,232,,1046,63,1936,,3626
2015,Syrian Arab Rep.,SYR,Zambia,ZMB,0,0,0,,10,0,,10,0,0,0,,6,0,6,,16
2015,Syrian Arab Rep.,SYR,Zimbabwe,ZWE,0,0,0,,0,0,,0,0,0,0,,5,0,5,,5
2015,Syrian Arab Rep.,SYR,Curacao ,CUW,0,0,0,,5,0,,5,0,0,0,,0,0,0,,5
2015,Syrian Arab Rep.,SYR,Sint Maarten (Dutch part),SXM,0,0,0,,0,0,,0,0,0,0,,5,0,5,,5
2016,Syrian Arab Rep.,SYR,Albania,ALB,0,0,0,,5,0,,5,0,0,0,,0,0,0,,5
2016,Syrian Arab Rep.,SYR,Algeria,DZA,327,383,254,,1006,33,,2003,338,443,260,,2239,46,3326,,5329
2016,Syrian Arab Rep.,SYR,Antigua and Barbuda,ATG,0,0,0,,0,0,,0,0,0,0,,5,0,5,,5
2016,Syrian Arab Rep.,SYR,Egypt,EGY,6519,11168,6913,,29988,2565,,57153,6827,11723,7543,,30122,2645,58860,,116013
2016,Syrian Arab Rep.,SYR,Argentina,ARG,5,14,13,,173,13,,218,6,32,24,,293,18,373,,591
2016,Syrian Arab Rep.,SYR,Armenia,ARM,19,38,30,,173,38,,298,22,38,40,,210,38,348,,646
2016,Syrian Arab Rep.,SYR,Azerbaijan,AZE,0,5,0,,0,0,,5,0,0,0,,10,0,10,,15
2016,Syrian Arab Rep.,SYR,Belgium,BEL,0,0,0,,0,0,,2926,0,0,0,,0,0,6154,,9080
2016,Syrian Arab Rep.,SYR,Benin,BEN,0,0,0,,5,0,,5,0,0,0,,0,0,0,,5
2016,Syrian Arab Rep.,SYR,Belarus,BLR,0,5,0,,10,0,,15,5,5,0,,62,0,72,,87
2016,Syrian Arab Rep.,SYR,Brazil,BRA,5,148,53,,450,39,,904,6,166,81,,1601,42,2896,,3800
2016,Syrian Arab Rep.,SYR,Bosnia and Herzegovina,BIH,0,0,0,,10,0,,10,0,0,0,,17,0,17,,27
2016,Syrian Arab Rep.,SYR,Canada,CAN,5,14,8,,129,33,,189,6,10,20,,199,40,275,,464
2016,Syrian Arab Rep.,SYR,Chad,TCD,0,0,0,,5,0,,5,0,5,0,,17,0,22,,27
2016,Syrian Arab Rep.,SYR,China,CHN,10,0,0,,10,0,,20,0,5,0,,30,0,35,,55
2016,Syrian Arab Rep.,SYR,Cameroon,CMR,0,0,0,,5,0,,5,0,0,0,,18,0,18,,23
2016,Syrian Arab Rep.,SYR,Congo,COG,0,0,0,,5,0,,5,0,0,0,,5,0,5,,10
2016,Syrian Arab Rep.,SYR,Dem. Rep. of the Congo,COD,0,5,0,,0,0,,5,0,0,10,,18,0,28,,33
2016,Syrian Arab Rep.,SYR,Colombia,COL,0,0,0,,0,0,,0,0,0,0,,13,0,13,,13
2016,Syrian Arab Rep.,SYR,Costa Rica,CRI,0,0,0,,0,0,,0,0,0,0,,0,0,13,,13
2016,Syrian Arab Rep.,SYR,Cuba,CUB,0,5,0,,13,0,,18,0,0,0,,26,0,26,,44
2016,Syrian Arab Rep.,SYR,Denmark,DNK,0,0,0,,0,0,,235,0,0,0,,0,0,260,,495
2016,Syrian Arab Rep.,SYR,Djibouti,DJI,0,0,0,,0,0,,0,0,0,0,,13,0,13,,13
2016,Syrian Arab Rep.,SYR,Dominican Rep.,DOM,0,0,0,,0,0,,0,0,0,0,,5,0,5,,5
2016,Syrian Arab Rep.,SYR,Ethiopia,ETH,0,0,0,,15,0,,15,0,5,0,,37,0,42,,57
2016,Syrian Arab Rep.,SYR,France,FRA,0,0,0,,0,0,,3881,0,0,0,,0,0,5110,,8991
2016,Syrian Arab Rep.,SYR,Georgia,GEO,10,33,13,,106,19,,181,14,32,21,,166,23,256,,437
2016,Syrian Arab Rep.,SYR,Germany,DEU,22266,26002,14631,,87322,3960,,154181,23844,31064,30880,,231366,4314,321468,,475649
2016,Syrian Arab Rep.,SYR,Ghana,GHA,19,5,0,,32,0,,56,10,11,5,,48,0,74,,130
2016,Syrian Arab Rep.,SYR,Guinea-Bissau,GNB,0,0,0,,5,0,,5,0,0,0,,0,0,0,,5
2016,Syrian Arab Rep.,SYR,Croatia,HRV,11,7,0,,32,0,,50,10,10,5,,117,0,142,,192
2016,Syrian Arab Rep.,SYR,Cote d'Ivoire,CIV,0,0,0,,5,0,,5,0,0,5,,9,0,14,,19
2016,Syrian Arab Rep.,SYR,India,IND,6,0,0,,21,0,,27,5,5,0,,63,0,73,,100
2016,Syrian Arab Rep.,SYR,Indonesia,IDN,5,7,0,,14,0,,26,0,0,5,,37,0,42,,68
2016,Syrian Arab Rep.,SYR,Ireland,IRL,20,22,23,,85,9,,159,19,16,13,,164,8,220,,379
2016,Syrian Arab Rep.,SYR,Iraq,IRQ,18780,18733,10673,,54936,3039,,106161,19559,0,12358,,70553,2575,124772,,230933
2016,Syrian Arab Rep.,SYR,Jamaica,JAM,0,0,0,,5,0,,5,0,0,0,,0,0,0,,5
2016,Syrian Arab Rep.,SYR,Jordan,JOR,48161,69590,43099,,154167,14264,,329281,50969,73578,45226,,139704,10078,319555,,648836
2016,Syrian Arab Rep.,SYR,Kazakhstan,KAZ,0,0,0,,5,0,,5,0,0,5,,31,0,36,,41
2016,Syrian Arab Rep.,SYR,Kenya,KEN,0,0,0,,0,0,,0,0,0,0,,5,0,5,,5
2016,Syrian Arab Rep.,SYR,Kyrgyzstan,KGZ,0,5,0,,12,0,,17,0,7,8,,38,0,53,,70
2016,Syrian Arab Rep.,SYR,Rep. of Korea,KOR,59,41,21,,133,5,,259,52,34,35,,739,0,860,,1119
2016,Syrian Arab Rep.,SYR,Kuwait,KWT,0,5,5,,18,0,,28,5,5,11,,11,0,32,,60
2016,Syrian Arab Rep.,SYR,Liberia,LBR,0,0,0,,0,0,,0,0,0,0,,11,0,11,,11
2016,Syrian Arab Rep.,SYR,Libya,LBY,553,2206,1174,,4705,243,,8881,563,2337,1283,,6146,298,10627,,19508
2016,Syrian Arab Rep.,SYR,Lebanon,LBN,86798,117891,66081,,242174,14946,,527890,90937,123504,68656,,184891,11871,479859,,1007749
2016,Syrian Arab Rep.,SYR,Sri Lanka,LKA,0,0,0,,13,0,,13,0,0,0,,0,0,0,,13
2016,Syrian Arab Rep.,SYR,Luxembourg,LUX,0,0,0,,0,0,,397,0,0,0,,0,0,623,,1020
2016,Syrian Arab Rep.,SYR,Mauritania,MRT,25,48,39,,127,8,,247,32,40,42,,162,14,290,,537
2016,Syrian Arab Rep.,SYR,North Macedonia,MKD,0,0,0,,0,0,,0,0,0,0,,18,0,18,,18
2016,Syrian Arab Rep.,SYR,Rep. of Moldova,MDA,8,11,5,,35,0,,59,5,10,5,,144,5,169,,228
2016,Syrian Arab Rep.,SYR,Mali,MLI,0,0,0,,5,0,,5,0,0,6,,5,0,11,,16
2016,Syrian Arab Rep.,SYR,Malaysia,MYS,71,86,49,,335,15,,556,78,99,68,,618,27,890,,1446
2016,Syrian Arab Rep.,SYR,Morocco,MAR,253,340,231,,686,45,,1555,248,331,228,,837,43,1687,,3242
2016,Syrian Arab Rep.,SYR,Montenegro,MNE,0,0,0,,8,0,,8,0,0,0,,0,0,0,,8
2016,Syrian Arab Rep.,SYR,Mauritius,MUS,0,0,0,,0,0,,0,0,0,0,,0,0,5,,5
2016,Syrian Arab Rep.,SYR,Niger,NER,0,0,0,,7,0,,7,0,0,0,,0,0,0,,7
2016,Syrian Arab Rep.,SYR,Nigeria,NGA,0,0,0,,18,0,,18,0,0,5,,112,0,117,,135
2016,Syrian Arab Rep.,SYR,Oman,OMN,0,0,0,,12,0,,12,0,0,0,,0,0,0,,12
2016,Syrian Arab Rep.,SYR,Pakistan,PAK,0,5,0,,5,0,,10,0,0,0,,10,0,10,,20
2016,Syrian Arab Rep.,SYR,Philippines,PHL,0,0,0,,7,0,,7,0,0,0,,77,7,84,,91
2016,Syrian Arab Rep.,SYR,Qatar,QAT,5,5,0,,16,0,,31,0,0,0,,6,0,6,,37
2016,Syrian Arab Rep.,SYR,Romania,ROU,86,96,68,,356,30,,643,105,114,76,,814,30,1153,,1796
2016,Syrian Arab Rep.,SYR,South Africa,ZAF,0,0,0,,0,0,,19,0,0,0,,0,0,25,,44
2016,Syrian Arab Rep.,SYR,El Salvador,SLV,0,0,5,,0,0,,5,0,0,0,,0,0,0,,5
2016,Syrian Arab Rep.,SYR,Saudi Arabia,SAU,0,0,5,,6,0,,11,0,0,0,,18,0,18,,29
2016,Syrian Arab Rep.,SYR,Serbia and Kosovo: S/RES/1244 (1999),SRB,54,49,30,,142,0,,275,49,56,75,,292,0,472,,747
2016,Syrian Arab Rep.,SYR,Senegal,SEN,0,0,0,,5,0,,5,5,6,0,,5,0,16,,21
2016,Syrian Arab Rep.,SYR,Somalia,SOM,5,12,9,,24,0,,50,10,12,5,,63,5,95,,145
2016,Syrian Arab Rep.,SYR,Sudan,SDN,415,680,397,,1717,71,,3280,448,791,520,,2358,101,4218,,7498
2016,Syrian Arab Rep.,SYR,South Sudan,SSD,0,0,0,,0,0,,0,0,0,0,,5,0,5,,5
2016,Syrian Arab Rep.,SYR,Slovenia,SVN,6,10,0,,48,0,,64,0,10,5,,80,0,95,,159
2016,Syrian Arab Rep.,SYR,Switzerland,CHE,577,755,443,,2370,216,,6485,654,795,616,,3399,153,8532,,15017
2016,Syrian Arab Rep.,SYR,Thailand,THA,10,12,6,,56,5,,89,6,18,6,,187,5,222,,311
2016,Syrian Arab Rep.,SYR,Togo,TGO,0,0,0,,5,0,,5,0,0,0,,10,0,10,,15
2016,Syrian Arab Rep.,SYR,Trinidad and Tobago,TTO,0,0,0,,12,0,,12,0,0,0,,54,0,54,,66
2016,Syrian Arab Rep.,SYR,Tunisia,TUN,27,30,21,,122,11,,211,24,47,40,,177,5,293,,504
2016,Syrian Arab Rep.,SYR,Turkey,TUR,5,9,7,,83,0,,104,12,17,8,,37,0,74,,178
2016,Syrian Arab Rep.,SYR,United Arab Emirates,ARE,5,47,63,,26,5,,146,6,42,61,,27,0,136,,282
2016,Syrian Arab Rep.,SYR,Uganda,UGA,0,0,0,,0,0,,0,0,0,0,,19,0,19,,19
2016,Syrian Arab Rep.,SYR,Ukraine,UKR,0,0,0,,0,0,,72,0,0,0,,0,0,374,,446
2016,Syrian Arab Rep.,SYR,Uruguay,URY,0,8,5,,17,0,,30,0,7,8,,20,0,35,,65
2016,Syrian Arab Rep.,SYR,Venezuela (Bolivarian Republic of),VEN,0,0,0,,12,0,,12,0,0,0,,11,0,11,,23
2016,Syrian Arab Rep.,SYR,Yemen,YEM,158,373,245,,924,56,,1756,192,379,258,,1086,80,1995,,3751
2016,Syrian Arab Rep.,SYR,Zambia,ZMB,0,0,0,,0,0,,0,0,0,0,,10,0,10,,10
2017,Syrian Arab Rep.,SYR,Albania,ALB,0,0,0,,5,0,,5,0,0,0,,22,0,22,,27
2017,Syrian Arab Rep.,SYR,Algeria,DZA,383,459,268,,1083,37,,2230,418,508,283,,2338,52,3599,,5829
2017,Syrian Arab Rep.,SYR,Egypt,EGY,6836,12048,7268,,32083,3036,,61271,7200,12613,8416,,34061,3127,65417,,126688
2017,Syrian Arab Rep.,SYR,Argentina,ARG,0,17,10,,117,17,,283,5,28,23,,194,21,497,,780
2017,Syrian Arab Rep.,SYR,Armenia,ARM,20,38,31,,188,44,,321,22,40,43,,226,40,371,,692
2017,Syrian Arab Rep.,SYR,Azerbaijan,AZE,0,5,0,,0,0,,5,0,0,0,,10,0,10,,15
2017,Syrian Arab Rep.,SYR,Benin,BEN,0,0,0,,5,0,,5,0,0,0,,7,0,7,,12
2017,Syrian Arab Rep.,SYR,Brazil,BRA,5,13,6,,61,5,,90,33,16,18,,146,7,220,,310
2017,Syrian Arab Rep.,SYR,Bosnia and Herzegovina,BIH,0,0,0,,15,0,,15,0,0,0,,13,0,13,,28
2017,Syrian Arab Rep.,SYR,Chad,TCD,0,5,0,,16,0,,21,5,11,0,,31,0,47,,68
2017,Syrian Arab Rep.,SYR,China,CHN,8,5,0,,12,0,,25,0,5,0,,44,0,49,,74
2017,Syrian Arab Rep.,SYR,Cameroon,CMR,0,0,0,,10,0,,10,0,0,0,,15,0,15,,25
2017,Syrian Arab Rep.,SYR,Congo,COG,0,0,5,,7,0,,12,0,0,0,,9,0,9,,21
2017,Syrian Arab Rep.,SYR,Dem. Rep. of the Congo,COD,0,5,0,,8,0,,13,0,0,0,,15,0,15,,28
2017,Syrian Arab Rep.,SYR,Colombia,COL,0,0,0,,0,0,,0,0,0,0,,8,0,8,,8
2017,Syrian Arab Rep.,SYR,Costa Rica,CRI,0,0,0,,0,0,,5,0,0,0,,0,0,14,,19
2017,Syrian Arab Rep.,SYR,Cuba,CUB,0,0,0,,8,0,,8,5,5,0,,25,0,35,,43
2017,Syrian Arab Rep.,SYR,Djibouti,DJI,0,0,0,,0,0,,0,0,0,0,,9,0,9,,9
2017,Syrian Arab Rep.,SYR,Dominican Rep.,DOM,0,0,0,,0,0,,0,0,0,0,,5,0,5,,5
2017,Syrian Arab Rep.,SYR,Ecuador,ECU,0,5,5,,32,0,,42,5,5,0,,102,0,112,,154
2017,Syrian Arab Rep.,SYR,Ethiopia,ETH,0,0,0,,17,0,,17,6,5,0,,48,0,59,,76
2017,Syrian Arab Rep.,SYR,Finland,FIN,0,0,0,,0,0,,54,0,0,0,,0,0,79,,133
2017,Syrian Arab Rep.,SYR,France,FRA,0,0,0,,0,0,,5578,0,0,0,,0,0,6942,,12520
2017,Syrian Arab Rep.,SYR,Georgia,GEO,5,25,20,,108,25,,183,10,31,19,,182,30,272,,455
2017,Syrian Arab Rep.,SYR,Germany,DEU,29156,33713,18949,,108349,5007,,195174,31251,39118,32369,,263965,5630,372333,,567507
2017,Syrian Arab Rep.,SYR,Ghana,GHA,16,16,5,,35,0,,72,9,15,0,,93,0,117,,189
2017,Syrian Arab Rep.,SYR,Croatia,HRV,16,13,10,,69,0,,108,18,11,11,,123,0,163,,271
2017,Syrian Arab Rep.,SYR,Cote d'Ivoire,CIV,0,0,0,,0,0,,0,0,0,0,,22,0,22,,22
2017,Syrian Arab Rep.,SYR,India,IND,5,5,5,,21,0,,36,7,6,0,,55,0,68,,104
2017,Syrian Arab Rep.,SYR,Indonesia,IDN,5,10,0,,12,0,,27,0,0,5,,30,0,35,,62
2017,Syrian Arab Rep.,SYR,Ireland,IRL,59,61,27,,187,13,,347,60,60,40,,341,8,509,,856
2017,Syrian Arab Rep.,SYR,Iraq,IRQ,19452,20577,11291,,59891,3605,,114816,20573,21516,12761,,74363,3027,132240,,247056
2017,Syrian Arab Rep.,SYR,Jamaica,JAM,0,0,0,,5,0,,5,0,0,0,,0,0,0,,5
2017,Syrian Arab Rep.,SYR,Jordan,JOR,50049,70376,43150,,152346,14186,,330107,53115,74180,45278,,140351,10000,322924,,653031
2017,Syrian Arab Rep.,SYR,Kazakhstan,KAZ,0,0,0,,0,0,,0,0,5,0,,35,0,40,,40
2017,Syrian Arab Rep.,SYR,Kenya,KEN,0,0,0,,0,0,,0,0,0,5,,0,0,5,,5
2017,Syrian Arab Rep.,SYR,Kyrgyzstan,KGZ,0,0,5,,12,0,,17,0,10,0,,53,0,63,,80
2017,Syrian Arab Rep.,SYR,Rep. of Korea,KOR,56,59,18,,151,6,,290,59,33,32,,779,0,903,,1193
2017,Syrian Arab Rep.,SYR,Kuwait,KWT,0,0,5,,33,0,,38,0,10,10,,17,0,37,,75
2017,Syrian Arab Rep.,SYR,Liberia,LBR,0,0,0,,0,0,,0,0,0,0,,12,0,12,,12
2017,Syrian Arab Rep.,SYR,Libya,LBY,501,2560,1365,,5361,290,,10077,505,2688,1451,,7042,384,12070,,22147
2017,Syrian Arab Rep.,SYR,Lebanon,LBN,82271,121011,67735,,235901,14325,,521243,86155,127071,70705,,177927,11284,473142,,994385
2017,Syrian Arab Rep.,SYR,Sri Lanka,LKA,0,0,9,,0,0,,9,0,0,0,,5,0,5,,14
2017,Syrian Arab Rep.,SYR,Mauritania,MRT,32,45,33,,147,7,,264,24,47,33,,196,12,312,,576
2017,Syrian Arab Rep.,SYR,North Macedonia,MKD,0,0,0,,5,0,,5,0,0,5,,10,0,15,,20
2017,Syrian Arab Rep.,SYR,Rep. of Moldova,MDA,5,14,11,,42,0,,72,0,7,7,,129,5,148,,220
2017,Syrian Arab Rep.,SYR,Mali,MLI,0,0,0,,9,0,,9,0,0,0,,0,0,0,,9
2017,Syrian Arab Rep.,SYR,Malaysia,MYS,78,123,72,,484,26,,783,70,167,96,,1152,41,1526,,2309
2017,Syrian Arab Rep.,SYR,Morocco,MAR,196,299,207,,625,39,,1366,195,320,226,,794,52,1587,,2953
2017,Syrian Arab Rep.,SYR,Mauritius,MUS,0,0,0,,0,0,,5,0,0,0,,0,0,0,,5
2017,Syrian Arab Rep.,SYR,Netherlands,NLD,0,0,0,,0,0,,223,0,0,0,,0,0,445,,668
2017,Syrian Arab Rep.,SYR,Niger,NER,0,0,0,,7,0,,7,0,0,0,,0,0,0,,7
2017,Syrian Arab Rep.,SYR,Nigeria,NGA,5,5,0,,24,0,,34,5,5,5,,160,5,180,,214
2017,Syrian Arab Rep.,SYR,Oman,OMN,0,0,0,,7,5,,12,0,0,0,,0,0,0,,12
2017,Syrian Arab Rep.,SYR,Pakistan,PAK,0,0,0,,7,0,,7,5,0,0,,17,0,22,,29
2017,Syrian Arab Rep.,SYR,Panama,PAN,0,0,0,,6,0,,6,0,0,0,,5,0,5,,11
2017,Syrian Arab Rep.,SYR,Paraguay,PRY,0,5,0,,17,0,,22,0,10,5,,42,0,57,,79
2017,Syrian Arab Rep.,SYR,Peru,PER,0,0,0,,0,0,,0,0,0,0,,5,0,5,,5
2017,Syrian Arab Rep.,SYR,Philippines,PHL,0,0,5,,12,0,,17,0,5,0,,82,9,96,,113
2017,Syrian Arab Rep.,SYR,Qatar,QAT,0,5,0,,5,11,,21,0,5,0,,0,8,13,,34
2017,Syrian Arab Rep.,SYR,Romania,ROU,106,116,80,,474,33,,887,114,161,94,,1059,45,1562,,2449
2017,Syrian Arab Rep.,SYR,South Africa,ZAF,0,0,0,,0,0,,20,0,0,0,,0,0,25,,45
2017,Syrian Arab Rep.,SYR,El Salvador,SLV,0,0,5,,0,0,,5,0,0,0,,0,0,0,,5
2017,Syrian Arab Rep.,SYR,Saudi Arabia,SAU,0,0,0,,0,15,,15,0,0,0,,5,28,33,,48
2017,Syrian Arab Rep.,SYR,Serbia and Kosovo: S/RES/1244 (1999),SRB,0,0,5,,34,0,,39,5,5,5,,19,0,34,,73
2017,Syrian Arab Rep.,SYR,Senegal,SEN,0,0,0,,5,0,,5,0,11,0,,5,0,16,,21
2017,Syrian Arab Rep.,SYR,Somalia,SOM,7,12,11,,33,0,,63,9,13,5,,82,5,114,,177
2017,Syrian Arab Rep.,SYR,Sudan,SDN,595,1063,583,,2624,124,,4989,669,1199,777,,3897,148,6690,,11679
2017,Syrian Arab Rep.,SYR,Slovenia,SVN,10,17,9,,55,0,,91,6,20,23,,85,0,134,,225
2017,Syrian Arab Rep.,SYR,Switzerland,CHE,598,811,469,,2507,227,,8414,622,885,591,,3329,173,8417,,16831
2017,Syrian Arab Rep.,SYR,Thailand,THA,9,13,5,,56,5,,93,15,17,9,,193,5,244,,337
2017,Syrian Arab Rep.,SYR,Togo,TGO,0,0,0,,5,0,,5,0,0,0,,5,0,5,,10
2017,Syrian Arab Rep.,SYR,Trinidad and Tobago,TTO,0,0,0,,12,0,,12,0,0,0,,73,0,73,,85
2017,Syrian Arab Rep.,SYR,Tunisia,TUN,30,49,40,,144,17,,280,36,46,50,,179,12,323,,603
2017,Syrian Arab Rep.,SYR,Turkey,TUR,5,8,5,,77,0,,95,6,14,8,,38,0,66,,161
2017,Syrian Arab Rep.,SYR,United Arab Emirates,ARE,64,207,251,,95,5,,622,99,209,276,,102,5,691,,1313
2017,Syrian Arab Rep.,SYR,Uganda,UGA,0,0,0,,0,0,,0,0,0,0,,19,0,19,,19
2017,Syrian Arab Rep.,SYR,Ukraine,UKR,0,0,0,,0,0,,85,0,0,0,,0,0,398,,483
2017,Syrian Arab Rep.,SYR,Uruguay,URY,0,7,5,,16,0,,28,0,8,8,,17,0,33,,61
2017,Syrian Arab Rep.,SYR,Venezuela (Bolivarian Republic of),VEN,0,0,0,,0,7,,7,0,0,0,,0,11,11,,18
2017,Syrian Arab Rep.,SYR,Yemen,YEM,98,386,260,,969,63,,1776,121,403,281,,1105,96,2006,,3782
2018,Syrian Arab Rep.,SYR,Albania,ALB,0,0,0,,0,0,,0,0,0,0,,21,0,21,,21
2018,Syrian Arab Rep.,SYR,Algeria,DZA,500,604,328,,1368,56,,2856,552,669,398,,2963,61,4643,,7499
2018,Syrian Arab Rep.,SYR,Egypt,EGY,6834,12517,7628,,33725,3318,,64022,7269,12956,8484,,36773,3367,68849,,132871
2018,Syrian Arab Rep.,SYR,Argentina,ARG,0,16,12,,120,19,,167,0,32,21,,210,24,287,,454
2018,Syrian Arab Rep.,SYR,Armenia,ARM,22,39,32,,187,46,,326,22,40,45,,231,42,385,,711
2018,Syrian Arab Rep.,SYR,Azerbaijan,AZE,0,5,0,,0,0,,5,0,0,0,,10,0,10,,15
2018,Syrian Arab Rep.,SYR,Benin,BEN,0,0,0,,0,0,,0,0,0,0,,12,0,12,,12
2018,Syrian Arab Rep.,SYR,Belarus,BLR,0,0,0,,0,0,,0,0,0,0,,5,0,5,,5
2018,Syrian Arab Rep.,SYR,Bosnia and Herzegovina,BIH,5,6,5,,12,0,,28,7,6,5,,31,5,54,,82
2018,Syrian Arab Rep.,SYR,Canada,CAN,1257,2159,1309,,5388,454,,10567,1378,2340,1430,,5982,430,11560,,22127
2018,Syrian Arab Rep.,SYR,Chad,TCD,5,5,0,,15,0,,25,5,6,5,,30,0,46,,71
2018,Syrian Arab Rep.,SYR,Cameroon,CMR,0,0,0,,5,0,,5,0,0,0,,22,0,22,,27
2018,Syrian Arab Rep.,SYR,Congo,COG,0,5,0,,5,0,,10,0,0,0,,21,0,21,,31
2018,Syrian Arab Rep.,SYR,Dem. Rep. of the Congo,COD,0,5,0,,10,0,,15,0,0,0,,10,0,10,,25
2018,Syrian Arab Rep.,SYR,Colombia,COL,0,0,0,,0,0,,0,0,0,0,,18,0,18,,18
2018,Syrian Arab Rep.,SYR,Cuba,CUB,0,0,0,,13,0,,13,5,5,0,,26,0,36,,49
2018,Syrian Arab Rep.,SYR,Djibouti,DJI,0,0,0,,0,0,,0,0,0,0,,10,0,10,,10
2018,Syrian Arab Rep.,SYR,Ecuador,ECU,0,0,0,,15,0,,15,5,0,0,,99,0,104,,119
2018,Syrian Arab Rep.,SYR,Ethiopia,ETH,0,5,0,,18,0,,23,5,5,0,,46,0,56,,79
2018,Syrian Arab Rep.,SYR,Finland,FIN,0,0,0,,0,0,,30,0,0,0,,0,0,43,,73
2018,Syrian Arab Rep.,SYR,France,FRA,0,0,0,,0,0,,7194,0,0,0,,0,0,8628,,15822
2018,Syrian Arab Rep.,SYR,Georgia,GEO,5,21,22,,109,26,,183,7,33,23,,177,29,269,,452
2018,Syrian Arab Rep.,SYR,Germany,DEU,31698,35129,22205,,113564,5887,,208483,33656,41251,30615,,264075,6381,375978,,584461
2018,Syrian Arab Rep.,SYR,Ghana,GHA,16,25,5,,42,0,,88,14,18,5,,117,0,154,,242
2018,Syrian Arab Rep.,SYR,Guinea,GIN,0,0,0,,5,0,,5,0,0,0,,5,0,5,,10
2018,Syrian Arab Rep.,SYR,Croatia,HRV,15,35,32,,74,0,,156,27,30,25,,189,0,271,,427
2018,Syrian Arab Rep.,SYR,Cote d'Ivoire,CIV,7,10,0,,19,0,,36,5,10,5,,46,0,66,,102
2018,Syrian Arab Rep.,SYR,India,IND,6,5,5,,18,0,,34,5,8,0,,53,0,66,,100
2018,Syrian Arab Rep.,SYR,Indonesia,IDN,0,0,0,,6,0,,6,0,0,5,,36,0,41,,47
2018,Syrian Arab Rep.,SYR,Ireland,IRL,86,87,47,,268,19,,507,77,99,61,,436,13,686,,1193
2018,Syrian Arab Rep.,SYR,Iraq,IRQ,20359,21034,11447,,62114,3987,,118941,21641,21857,12688,,73968,3431,133585,,252526
2018,Syrian Arab Rep.,SYR,Jamaica,JAM,0,0,0,,5,0,,5,0,0,0,,0,0,0,,5
2018,Syrian Arab Rep.,SYR,Jordan,JOR,46924,69614,45945,,161713,15702,,339898,49991,74450,48263,,153199,11205,337108,,677006
2018,Syrian Arab Rep.,SYR,Kazakhstan,KAZ,0,0,0,,0,0,,0,0,0,0,,30,0,30,,30
2018,Syrian Arab Rep.,SYR,Kenya,KEN,0,0,0,,0,0,,0,0,0,0,,11,0,11,,11
2018,Syrian Arab Rep.,SYR,Kyrgyzstan,KGZ,0,0,5,,17,0,,22,5,10,0,,54,0,69,,91
2018,Syrian Arab Rep.,SYR,Rep. of Korea,KOR,55,62,20,,151,6,,294,50,43,29,,818,0,940,,1234
2018,Syrian Arab Rep.,SYR,Kuwait,KWT,5,10,14,,37,5,,71,0,16,10,,26,0,52,,123
2018,Syrian Arab Rep.,SYR,Liberia,LBR,0,0,0,,5,0,,5,0,0,0,,10,0,10,,15
2018,Syrian Arab Rep.,SYR,Libya,LBY,523,2716,1510,,5772,354,,10875,516,2803,1649,,7422,460,12850,,23725
2018,Syrian Arab Rep.,SYR,Lebanon,LBN,73413,118594,66234,,222206,13585,,494032,77181,123658,69230,,171322,10796,452187,,946219
2018,Syrian Arab Rep.,SYR,Sri Lanka,LKA,0,0,9,,0,0,,9,0,0,0,,5,0,5,,14
2018,Syrian Arab Rep.,SYR,Mauritania,MRT,19,24,16,,97,8,,164,24,23,22,,136,10,215,,379
2018,Syrian Arab Rep.,SYR,North Macedonia,MKD,0,0,0,,0,0,,0,0,0,5,,12,0,17,,17
2018,Syrian Arab Rep.,SYR,Rep. of Moldova,MDA,0,12,10,,35,5,,62,0,8,6,,137,5,156,,218
2018,Syrian Arab Rep.,SYR,Mexico,MEX,0,0,0,,0,0,,0,0,0,0,,5,0,5,,5
2018,Syrian Arab Rep.,SYR,Mali,MLI,7,10,6,,73,0,,96,12,9,27,,195,0,243,,339
2018,Syrian Arab Rep.,SYR,Malaysia,MYS,93,155,80,,575,31,,934,77,188,102,,1477,50,1894,,2828
2018,Syrian Arab Rep.,SYR,Morocco,MAR,211,362,254,,760,48,,1635,251,373,233,,954,60,1871,,3506
2018,Syrian Arab Rep.,SYR,Montenegro,MNE,0,0,0,,0,0,,0,0,0,0,,52,0,52,,52
2018,Syrian Arab Rep.,SYR,Mauritius,MUS,0,0,0,,5,0,,5,0,0,0,,0,0,0,,5
2018,Syrian Arab Rep.,SYR,Niger,NER,0,0,0,,0,0,,0,0,0,0,,16,0,16,,16
2018,Syrian Arab Rep.,SYR,Nigeria,NGA,0,12,0,,33,0,,45,10,7,5,,224,8,254,,299
2018,Syrian Arab Rep.,SYR,Oman,OMN,0,0,0,,7,0,,7,0,0,0,,0,0,0,,7
2018,Syrian Arab Rep.,SYR,Pakistan,PAK,0,5,0,,5,0,,10,0,0,0,,24,0,24,,34
2018,Syrian Arab Rep.,SYR,Peru,PER,0,0,0,,0,0,,0,0,0,0,,18,0,18,,18
2018,Syrian Arab Rep.,SYR,Philippines,PHL,0,5,5,,12,0,,22,0,5,0,,91,14,120,,142
2018,Syrian Arab Rep.,SYR,Qatar,QAT,0,5,5,,11,0,,21,0,5,0,,8,0,13,,34
2018,Syrian Arab Rep.,SYR,Romania,ROU,107,126,73,,496,31,,833,105,157,96,,1049,52,1459,,2292
2018,Syrian Arab Rep.,SYR,El Salvador,SLV,0,0,5,,0,0,,5,0,0,0,,0,0,0,,5
2018,Syrian Arab Rep.,SYR,Saudi Arabia,SAU,178,228,120,,485,38,,1049,194,254,141,,483,45,1117,,2166
2018,Syrian Arab Rep.,SYR,Serbia and Kosovo: S/RES/1244 (1999),SRB,0,0,0,,0,0,,0,0,0,0,,5,0,5,,5
2018,Syrian Arab Rep.,SYR,Senegal,SEN,0,0,0,,5,0,,5,0,9,0,,0,0,9,,14
2018,Syrian Arab Rep.,SYR,Somalia,SOM,8,14,12,,43,0,,77,9,21,6,,101,6,143,,220
2018,Syrian Arab Rep.,SYR,Sudan,SDN,586,1278,718,,3180,168,,5930,673,1428,873,,4087,200,7261,,13191
2018,Syrian Arab Rep.,SYR,Slovenia,SVN,10,17,9,,55,0,,91,6,20,18,,80,0,124,,215
2018,Syrian Arab Rep.,SYR,Switzerland,CHE,555,769,511,,2425,236,,8227,560,867,555,,3181,185,10127,,18354
2018,Syrian Arab Rep.,SYR,Thailand,THA,5,12,5,,49,5,,76,11,13,8,,168,5,205,,281
2018,Syrian Arab Rep.,SYR,Togo,TGO,0,0,0,,0,0,,0,0,0,0,,10,0,10,,10
2018,Syrian Arab Rep.,SYR,Tunisia,TUN,52,78,62,,216,20,,428,54,85,76,,266,18,499,,927
2018,Syrian Arab Rep.,SYR,Turkey,TUR,284080,309885,193294,,811504,58147,,1656910,304041,330899,225148,,1051466,54012,1965566,,3622476
2018,Syrian Arab Rep.,SYR,United Arab Emirates,ARE,415,696,394,,1413,86,,3004,436,722,427,,1445,83,3113,,6117
2018,Syrian Arab Rep.,SYR,Uganda,UGA,0,0,0,,0,0,,0,0,0,0,,10,0,10,,10
2018,Syrian Arab Rep.,SYR,Ukraine,UKR,0,9,0,,38,0,,47,0,9,5,,419,9,442,,489
2018,Syrian Arab Rep.,SYR,Uruguay,URY,0,6,5,,15,0,,26,0,8,8,,19,0,35,,61
2018,Syrian Arab Rep.,SYR,Venezuela (Bolivarian Republic of),VEN,0,0,0,,5,0,,5,0,0,0,,0,0,0,,5
2018,Syrian Arab Rep.,SYR,Yemen,YEM,62,393,265,,1022,63,,1805,75,424,291,,1142,115,2047,,3852
2018,Syrian Arab Rep.,SYR,Zambia,ZMB,0,0,0,,0,0,,0,0,0,0,,18,0,18,,18
2019,Syrian Arab Rep.,SYR,Albania,ALB,0,0,0,,10,0,,10,0,0,0,,32,0,32,,42
2019,Syrian Arab Rep.,SYR,Algeria,DZA,448,658,335,,1431,65,,2937,525,712,396,,3118,69,4820,,7757
2019,Syrian Arab Rep.,SYR,Egypt,EGY,6552,11442,7757,,33131,3358,,62240,7010,11871,8361,,36372,3356,66970,,129210
2019,Syrian Arab Rep.,SYR,Argentina,ARG,0,16,11,,116,22,,165,0,27,25,,197,30,279,,444
2019,Syrian Arab Rep.,SYR,Armenia,ARM,25,40,32,,193,47,,337,23,41,53,,248,44,409,,746
2019,Syrian Arab Rep.,SYR,Austria,AUT,0,0,0,,0,0,,557,0,0,0,,0,0,747,,1304
2019,Syrian Arab Rep.,SYR,Azerbaijan,AZE,0,5,0,,5,0,,10,0,0,0,,10,0,10,,20
2019,Syrian Arab Rep.,SYR,Benin,BEN,0,0,0,,0,0,,0,0,0,6,,19,0,25,,25
2019,Syrian Arab Rep.,SYR,Burkina Faso,BFA,0,0,0,,5,0,,5,0,0,0,,0,0,0,,5
2019,Syrian Arab Rep.,SYR,Bosnia and Herzegovina,BIH,7,0,5,,15,0,,37,6,0,0,,34,0,178,,215
2019,Syrian Arab Rep.,SYR,Chad,TCD,6,5,0,,8,0,,19,5,0,0,,21,0,26,,45
2019,Syrian Arab Rep.,SYR,China,CHN,6,5,0,,8,0,,19,5,0,0,,39,0,44,,63
2019,Syrian Arab Rep.,SYR,Chile,CHL,0,0,0,,5,0,,5,0,0,0,,5,0,5,,10
2019,Syrian Arab Rep.,SYR,Cameroon,CMR,0,0,5,,5,0,,10,0,0,0,,19,0,19,,29
2019,Syrian Arab Rep.,SYR,Congo,COG,0,0,0,,0,0,,0,0,0,5,,8,0,13,,13
2019,Syrian Arab Rep.,SYR,Dem. Rep. of the Congo,COD,0,0,0,,10,0,,10,0,0,0,,21,0,21,,31
2019,Syrian Arab Rep.,SYR,Colombia,COL,0,0,0,,0,0,,0,0,0,0,,18,0,18,,18
2019,Syrian Arab Rep.,SYR,Cuba,CUB,0,0,0,,9,0,,9,0,5,0,,26,0,31,,40
2019,Syrian Arab Rep.,SYR,Djibouti,DJI,0,0,0,,0,0,,0,0,0,0,,10,0,10,,10
2019,Syrian Arab Rep.,SYR,Ethiopia,ETH,21,34,21,,92,5,,173,39,44,23,,125,6,237,,410
2019,Syrian Arab Rep.,SYR,Finland,FIN,0,0,0,,0,0,,26,0,0,0,,0,0,51,,77
2019,Syrian Arab Rep.,SYR,France,FRA,0,0,0,,0,0,,8347,0,0,0,,0,0,9897,,18244
2019,Syrian Arab Rep.,SYR,United Kingdom of Great Britain and Northern Ireland,GBR,0,0,0,,0,0,,339,0,0,0,,0,0,889,,1228
2019,Syrian Arab Rep.,SYR,Georgia,GEO,0,16,23,,113,25,,177,6,29,17,,195,34,281,,458
2019,Syrian Arab Rep.,SYR,Germany,DEU,33515,40141,24860,,121530,6532,,226578,35519,44896,32182,,267583,7340,387520,,614098
2019,Syrian Arab Rep.,SYR,Ghana,GHA,19,29,5,,47,0,,100,14,25,10,,131,0,180,,280
2019,Syrian Arab Rep.,SYR,Greece,GRC,0,0,0,,0,0,,6966,0,0,0,,0,0,9199,,16165
2019,Syrian Arab Rep.,SYR,Guinea,GIN,0,0,6,,8,0,,14,0,0,0,,0,0,0,,14
2019,Syrian Arab Rep.,SYR,Croatia,HRV,18,45,39,,108,5,,215,30,46,51,,213,0,340,,555
2019,Syrian Arab Rep.,SYR,Hungary,HUN,0,0,0,,0,0,,0,0,0,0,,0,0,5,,5
2019,Syrian Arab Rep.,SYR,Cote d'Ivoire,CIV,8,15,0,,29,0,,52,8,12,7,,58,6,91,,143
2019,Syrian Arab Rep.,SYR,India,IND,11,5,5,,20,0,,41,5,6,0,,47,0,58,,99
2019,Syrian Arab Rep.,SYR,Indonesia,IDN,0,5,0,,5,0,,10,0,0,0,,32,0,32,,42
2019,Syrian Arab Rep.,SYR,Ireland,IRL,78,85,56,,284,20,,523,56,113,59,,467,14,709,,1232
2019,Syrian Arab Rep.,SYR,Iraq,IRQ,21172,20874,11408,,60515,4142,,118111,22590,21670,13614,,66419,3406,127699,,245810
2019,Syrian Arab Rep.,SYR,Jordan,JOR,47559,69461,44096,,151737,14723,,327576,50292,73253,46332,,146766,10473,327116,,654692
2019,Syrian Arab Rep.,SYR,Kazakhstan,KAZ,0,0,0,,0,0,,0,0,5,0,,28,0,33,,33
2019,Syrian Arab Rep.,SYR,Kenya,KEN,0,0,0,,0,0,,0,0,0,0,,10,0,10,,10
2019,Syrian Arab Rep.,SYR,Kyrgyzstan,KGZ,5,5,5,,23,0,,38,0,7,0,,46,0,53,,91
2019,Syrian Arab Rep.,SYR,Kuwait,KWT,10,14,18,,52,10,,104,0,22,23,,47,10,102,,206
2019,Syrian Arab Rep.,SYR,Liberia,LBR,0,0,0,,0,0,,0,0,0,0,,11,0,11,,11
2019,Syrian Arab Rep.,SYR,Libya,LBY,783,1877,1035,,4068,251,,8014,849,1923,1110,,5127,327,9336,,17350
2019,Syrian Arab Rep.,SYR,Lebanon,LBN,67548,115702,67149,,212225,11724,,475449,71072,120151,70295,,165521,9115,437069,,912518
2019,Syrian Arab Rep.,SYR,Sri Lanka,LKA,0,0,0,,5,0,,5,0,0,0,,0,0,0,,5
2019,Syrian Arab Rep.,SYR,Madagascar,MDG,0,0,0,,5,0,,5,0,0,0,,0,0,0,,5
2019,Syrian Arab Rep.,SYR,Mauritania,MRT,20,24,20,,98,9,,171,29,25,18,,136,12,220,,391
2019,Syrian Arab Rep.,SYR,North Macedonia,MKD,0,0,0,,0,0,,0,0,0,5,,26,0,31,,31
2019,Syrian Arab Rep.,SYR,Rep. of Moldova,MDA,0,10,8,,42,5,,65,0,7,7,,131,5,150,,215
2019,Syrian Arab Rep.,SYR,Mexico,MEX,0,0,0,,10,0,,10,0,0,0,,0,0,0,,10
2019,Syrian Arab Rep.,SYR,Mali,MLI,6,16,11,,92,5,,130,10,10,35,,248,0,303,,433
2019,Syrian Arab Rep.,SYR,Malaysia,MYS,125,181,85,,671,36,,1098,108,214,125,,1688,54,2189,,3287
2019,Syrian Arab Rep.,SYR,Morocco,MAR,233,356,241,,797,51,,1678,279,362,242,,1059,56,1998,,3676
2019,Syrian Arab Rep.,SYR,Montenegro,MNE,0,0,0,,0,0,,0,0,0,0,,14,0,14,,14
2019,Syrian Arab Rep.,SYR,Netherlands,NLD,0,0,0,,0,0,,743,0,0,0,,0,0,2349,,3092
2019,Syrian Arab Rep.,SYR,Niger,NER,0,0,0,,0,0,,0,0,0,0,,12,0,12,,12
2019,Syrian Arab Rep.,SYR,Nigeria,NGA,0,12,0,,37,0,,49,12,10,10,,304,10,346,,395
2019,Syrian Arab Rep.,SYR,Nauru,NRU,0,0,0,,0,0,,0,0,0,0,,0,0,5,,5
2019,Syrian Arab Rep.,SYR,Oman,OMN,0,0,0,,8,0,,8,0,0,0,,0,0,0,,8
2019,Syrian Arab Rep.,SYR,Pakistan,PAK,5,7,0,,7,0,,19,0,6,0,,18,0,24,,43
2019,Syrian Arab Rep.,SYR,Philippines,PHL,0,5,5,,20,0,,35,0,5,0,,97,19,121,,156
2019,Syrian Arab Rep.,SYR,Portugal,PRT,0,0,0,,0,0,,5,0,0,0,,0,0,0,,5
2019,Syrian Arab Rep.,SYR,Qatar,QAT,0,6,5,,15,0,,26,0,0,0,,8,0,8,,34
2019,Syrian Arab Rep.,SYR,Romania,ROU,89,122,76,,444,34,,797,83,141,95,,941,65,1439,,2236
2019,Syrian Arab Rep.,SYR,El Salvador,SLV,0,0,5,,0,0,,5,0,0,0,,0,0,0,,5
2019,Syrian Arab Rep.,SYR,Saudi Arabia,SAU,163,261,144,,536,43,,1147,170,284,173,,545,53,1225,,2372
2019,Syrian Arab Rep.,SYR,Serbia and Kosovo: S/RES/1244 (1999),SRB,0,0,0,,0,0,,0,0,0,0,,24,0,24,,24
2019,Syrian Arab Rep.,SYR,Senegal,SEN,0,0,0,,0,0,,0,0,0,6,,8,0,14,,14
2019,Syrian Arab Rep.,SYR,Somalia,SOM,11,14,16,,53,0,,94,7,25,6,,128,6,172,,266
2019,Syrian Arab Rep.,SYR,Spain,ESP,0,0,0,,0,0,,1190,0,0,0,,0,0,1615,,2805
2019,Syrian Arab Rep.,SYR,Sudan,SDN,3441,8921,5519,,22940,1323,,42144,3620,10253,6169,,29793,1516,51351,,93495
2019,Syrian Arab Rep.,SYR,Slovenia,SVN,0,0,0,,0,0,,5,0,0,0,,0,0,10,,15
2019,Syrian Arab Rep.,SYR,Sweden,SWE,0,0,0,,0,0,,922,0,0,0,,0,0,1304,,2226
2019,Syrian Arab Rep.,SYR,Switzerland,CHE,521,746,481,,2358,253,,4359,499,849,565,,3040,194,5147,,9506
2019,Syrian Arab Rep.,SYR,United Rep. of Tanzania,TZA,0,0,0,,0,0,,0,0,0,5,,28,0,33,,33
2019,Syrian Arab Rep.,SYR,Thailand,THA,5,7,6,,29,5,,52,8,7,6,,149,5,175,,227
2019,Syrian Arab Rep.,SYR,Togo,TGO,0,0,0,,0,0,,0,0,0,0,,11,0,17,,17
2019,Syrian Arab Rep.,SYR,Tunisia,TUN,58,136,91,,327,44,,656,66,134,89,,394,43,726,,1382
2019,Syrian Arab Rep.,SYR,Turkey,TUR,285668,322983,179668,,799852,56910,,1645081,305587,343537,204763,,1024856,52546,1931289,,3576370
2019,Syrian Arab Rep.,SYR,United Arab Emirates,ARE,313,794,484,,1671,109,,3371,329,856,522,,1724,117,3548,,6919
2019,Syrian Arab Rep.,SYR,Uganda,UGA,0,0,0,,0,0,,0,0,0,0,,16,0,16,,16
2019,Syrian Arab Rep.,SYR,Ukraine,UKR,0,0,5,,20,0,,96,0,0,0,,136,0,527,,623
2019,Syrian Arab Rep.,SYR,Uruguay,URY,0,5,6,,17,0,,28,0,8,9,,21,0,38,,66
2019,Syrian Arab Rep.,SYR,Venezuela (Bolivarian Republic of),VEN,0,0,0,,5,0,,5,0,0,0,,0,0,0,,5
2019,Syrian Arab Rep.,SYR,Yemen,YEM,32,381,297,,1081,74,,1865,34,432,301,,1197,129,2093,,3958
2019,Syrian Arab Rep.,SYR,Zambia,ZMB,0,5,0,,0,0,,5,0,0,0,,15,0,15,,20
